Listing,Delisting
14D,1PG
14DN,ONT
1AD,TPS
1AE,TQH
1AG,5GN
1CG,789
1MC,9SP
1ST,99L
1TT,ABS
29M,ARI
360,MIG
3DA,AXL
3DP,AAD
3MF,AAT
3PL,SEP
4DS,ABN
4DX,ABF
5EA,ABL
5GG,ABO
88E,AEG
8CO,AAB
8IH,ABT
8VI,AAA
92E,AXS
A11,ATY
A1G,ACN
A1M,AGO
A1N,ACX
A2B,ANH
A2M,ADU
A3D,ADB
A4N,ADE
A8G,ALS
AAC,ADI
AAJ,ADQ
AAP,RAB
AAR,ADZ
AAU,ADL
ABA,AHG
ABB,APF
ABC,AES
ABE,AVI
ABG,AVT
ABV,AED
ABX,AQE
ABY,AEH
AC8,AFJ
ACB,AEB
ACE,AFY
ACF,AFM
ACL,AKI
ACM,AFQ
ACP,AOQ
ACQ,AWM
ACR,AFT
ACS,APT
ACU,ACC
ACW,AGZ
AD1,AGJ
AD8,FCA
ADA,HOD
ADC,A1C
ADD,ENY
ADG,FIX
ADH,IDD
ADN,RSR
ADO,AHJ
ADR,AIR
ADS,AIG
ADT,AJM
ADV,AHH
ADX,AQG
ADY,AMV
AE1,AAY
AEE,AAI
AEF,AYN
AEI,LEP
AER,ALF
AEV,AIH
AFA,AAN
AFG,ALN
AFI,A40
AFL,AKA
AFP,AHU
AFW,AGM
AGC,ANM
AGD,AGT
AGE,ALH
AGH,AOD
AGI,AGS
AGL,AEL
AGN,AZG
AGR,AVP
AGY,AWH
AHC,ALW
AHF,ASU
AHI,ARS
AHK,AOH
AHL,AXG
AHN,AEQ
AHQ,AYS
AHX,AZD
AIA,AQO
AIB,AMB
AII,AMZ
AIM,ABR
AIQ,AOW
AIS,AUF
AIV,AXZ
AIZ,ASC
AJJ,AMK
AJL,AEC
AJQ,AGF
AJX,ADP
AJY,AMQ
AKE,AAF
AKG,AIP
AKM,AHO
AKN,AMW
AKO,ANQ
AKP,AEK
AL3,ACI
AL8,AHR
ALA,ANT
ALB,ASJ
ALC,AS1
ALD,AQM
ALG,AGP
ALI,AGG
ALK,ANC
ALL,A01
ALM,AB1
ALO,ANJ
ALQ,AZA
ALT,APP
ALU,HDF
ALV,AXM
ALX,AQQ
ALY,APR
AM7,AEZ
AMA,APO
AMC,APD
AMD,AOP
AME,AZO
AMH,AOZ
AMI,APQ
AML,APJ
AMM,AOY
AMN,AOJ
AMO,ATL
AMP,AQH
AMS,AQU
AMT,AQP
AMX,AQA
AN1,APB
AND,AAG
ANG,AAH
ANL,ARQ
ANN,AAW
ANO,MRA
ANP,AXT
ANR,ARM
ANX,ARJ
ANZ,AMR
AO1,AXV
AOA,AJS
AOF,AJF
AON,AJP
APA,AJR
APC,AOE
APE,ARW
APL,YTS
APM,AKW
APS,AHY
APW,ANS
APX,AMJ
APZ,APH
AQC,AIO
AQD,AZQ
AQI,ASZ
AQN,AHA
AQS,ABU
AQX,AOM
AQZ,AJD
AR1,DIG
AR3,APY
AR9,ANV
ARA,AAS
ARB,ASI
ARC,AKF
ARD,STC
ARE,ASS
ARF,AZT
ARG,AKR
ARL,AJA
ARN,ATE
ARR,AGB
ART,ATI
ARU,ATQ
ARV,AKL
ARX,AOR
AS2,AGU
ASB,ABW
ASE,AUP
ASG,AXO
ASH,AQJ
ASK,AUD
ASM,AUS
ASN,AAX
ASO,AET
ASP,AST
ASQ,ANE
ASR,AWG
ASW,AWT
ASX,AUL
AT1,AUU
ATA,AIL
ATC,ANB
ATH,AEO
ATM,AOK
ATP,AYX
ATR,ATF
ATS,APG
ATU,APV
ATV,AUO
ATX,GPD
AU1,AAZ
AUA,ALZ
AUB,ARH
AUC,AAK
AUE,ATB
AUG,ACO
AUH,ACD
AUI,ACH
AUK,ACG
AUN,ACY
AUQ,AFU
AUR,AEN
AUT,AFF
AUZ,AFN
AV1,AQF
AVA,ANI
AVC,AIC
AVD,AKS
AVE,AKT
AVG,AKU
AVH,AKX
AVJ,AKY
AVL,AYD
AVM,AYH
AVR,AYJ
AVW,AYK
AVZ,AYZ
AW1,AEP
AWC,ATN
AWJ,XSE
AX1,AOG
AX8,AEY
AXE,AOI
AXI,API
AXN,APK
AXP,ABI
AYA,AOB
AYI,ATT
AYM,AFO
AYT,AUW
AZI,AZC
AZJ,AWR
AZL,AIY
AZS,AIE
AZY,4WD
B4P,AZX
BAP,AVB
BAS,AVS
BAT,AVN
BBC,AVO
BBL,AYE
BBN,AWA
BBT,AWB
BBX,AWE
BC8,AWN
BCA,AWP
BCB,AWX
BCC,AXJ
BCI,AXA
BCK,AVQ
BCN,AZH
BCT,AZR
BDG,AZM
BDM,AZU
BDT,BBB
BDX,BAA
BEE,BEI
BEL,BNB
BEN,BAB
BET,BDE
BEX,BQF
BEZ,BMB
BFC,BGF
BFG,BRF
BFL,BBD
BGA,BND
BGD,BNG
BGE,BKC
BGL,BNS
BGP,BOS
BGT,BWA
BHD,BNK
BHP,BBA
BIM,BCO
BIO,BDC
BIR,BAR
BIS,BHO
BIT,BRM
BKG,BPR
BKI,BRH
BKT,BAE
BKW,BRC
BKY,BMS
BLD,BSO
BLG,BSR
BLU,BTU
BLX,BAX
BLY,BAY
BLZ,BHV
BM8,BMW
BME,BEP
BMG,BBJ
BMH,BPI
BML,BCD
BMM,BHU
BMN,BDR
BMO,BHG
BMR,B3L
BMT,BEC
BNL,BGV
BNO,BHA
BNR,BLL
BNZ,BXL
BOA,BNY
BOC,BNN
BOD,BNH
BOE,BNI
BOL,BNJ
BOQ,BAL
BOT,BMP
BP8,BPB
BPH,BVM
BPM,BMX
BPP,BGO
BPT,BLT
BRG,BWR
BRI,BIH
BRK,BSS
BRL,BST
BRN,BCL
BRU,BSZ
BRX,BYI
BSA,BHF
BSE,BIY
BSL,BFI
BSN,BVT
BSX,BHL
BTC,BRV
BTE,BIG
BTH,BRY
BTI,BXP
BTN,BBG
BTR,GYB
BUB,BIN
BUD,BHI
BUR,BNC
BUS,BPO
BUX,BTA
BUY,BOP
BVR,BCY
BVS,BYP
BWF,BKM
BWP,BMD
BWX,BOK
BXB,BLR
BXN,BSP
BYE,BSW
BYH,BGG
C1X,BKL
C29,BWD
C79,BKD
C7A,BRT
CAA,BLK
CAE,BGH
CAF,BLV
CAG,BIV
CAI,BLE
CAJ,BCR
CAM,BLA
CAN,BTT
CAQ,BEG
CAR,BUE
CAT,BMK
CAV,BMF
CAY,BMU
CAZ,BAH
CBA,BSG
CBE,BON
CBH,BFS
CBL,BBR
CBO,BTK
CBR,BTY
CBY,B2Y
CCA,BNT
CCE,BOW
CCG,BWN
CCO,BRP
CCP,BBY
CCR,BKN
CCV,BRE
CCX,BRD
CCZ,BIL
CD1,BDL
CD2,BVA
CD3,BRZ
CDA,BZL
CDD,BRW
CDM,BRB
CDO,BPK
CDP,BGN
CDR,BNP
CDT,BSI
CDX,BDS
CE1,BYL
CEL,XQF
CEN,BTV
CF1,BCS
CFO,BRS
CG1,BBS
CGB,BAM
CGC,BRO
CGF,BKR
CGO,BHH
CGS,BHM
CHC,BAO
CHK,BPA
CHL,BZA
CHM,BZB
CHN,BBH
CHR,BMC
CHW,BHT
CHZ,BTP
CI1,BTM
CIA,BTS
CII,BTL
CIN,BIQ
CIO,BKA
CIP,BPF
CIW,BUN
CKA,BPS
CKF,BPC
CL8,BSD
CLA,BLS
CLB,BUC
CLE,BYN
CLG,BPG
CLT,CCB
CLU,CTZ
CLV,CWO
CLW,CWS
CLX,CBS
CLZ,CGY
CMD,XQI
CMG,CAL
CMM,CCD
CMO,CGH
CMP,CIX
CMW,CLN
CMX,CBI
CNB,CBM
CNI,CPE
CNJ,CTC
CNQ,CAH
CNU,CDL
CNW,XCC
COB,CBT
COD,CNE
COE,CNR
COF,CP1
COG,CPY
COH,CBX
COI,CPD
COL,CAP
COO,CZZ
COS,CCY
COY,CCT
CPM,CIL
CPN,CMY
CPO,CSO
CPT,CVT
CPU,CLR
CPV,CBD
CQE,CNX
CQR,CDV
CR1,CAD
CR9,CCW
CRB,CKL
CRD,CBU
CRL,CCC
CRM,CHY
CRN,CGR
CRR,CSH
CRS,CRW
CSE,CZI
CSF,CHD
CSL,CFI
CSR,CGT
CSS,CRU
CST,CXD
CSX,CBK
CT1,CBC
CTD,CCK
CTE,CEG
CTM,CLS
CTN,CNT
CTO,CTR
CTP,CET
CTQ,CUR
CTT,CEY
CTV,CTL
CU6,CEQ
CUE,CMS
CUF,CNG
CUL,CPK
CUP,CVG
CUS,CEP
CUV,CER
CVC,CMB
CVL,CUA
CVN,CYA
CVR,CDG
CVV,CFU
CVW,CJO
CWP,CFK
CWX,CGX
CWY,CHX
CXL,CMA
CXM,CDI
CXO,CFG
CXU,CIF
CXX,CLI
CXZ,CKT
CY5,CLJ
CYC,CGP
CYG,CWT
CYL,CHB
CYM,CNC
CYP,CHP
CYQ,CTI
CZN,CQO
CZR,CHT
D2O,CMN
DAF,CHF
DAL,CTW
DBF,CRH
DBI,CMQ
DBO,CXS
DC2,CQC
DCC,CVB
DCG,CKP
DCL,CWC
DCN,CHG
DCX,CDC
DDB,CIH
DDH,CEH
DDR,CHI
DDT,CJG
DEG,CMC
DEL,CHE
DEM,CRX
DES,CNH
DEV,CHO
DGH,CDH
DGL,CIM
DGR,CTH
DHG,CGG
DJW,CIE
DKM,SSB
DLI,CZF
DLM,CIY
DM1,CYR
DMC,CYS
DME,CWH
DMG,CYO
DMM,CL1
DMP,CLP
DNA,CMT
DNK,CVA
DOC,CCN
DOR,CFY
DOU,CPR
DOW,CLO
DRA,CLY
DRE,CMV
DRO,CHV
DRR,CNP
DRX,CNA
DSE,CPL
DSK,CWK
DTC,CAX
DTI,CA8
DTL,COA
DTM,CGW
DTR,CO1
DTZ,CCU
DUB,CCL
DUG,COK
DUI,CKC
DUN,CXC
DUR,CDE
DVL,CVH
DVP,CLD
DVR,CGJ
DXB,CLH
DXC,CNL
DXI,COT
DXN,COC
DXS,CFD
DY6,CFT
DYL,CMF
DYM,CPH
E25,CEC
E33,CDF
E79,CIG
EAX,CPA
EBG,COJ
EBO,CEI
EBR,CFF
ECF,CPS
ECG,CXH
ECL,CMR
ECP,CPW
ECS,CRE
ECT,COM
EDC,CLF
EDE,CDB
EDU,CME
EDV,CEU
EEG,CQT
EEL,CWL
EFE,CGI
EG1,CGM
EGG,CMJ
EGH,CSM
EGL,CRC
EGN,CRT
EGR,CSD
EGY,CCQ
EHE,CVF
EHL,CM1
EIQ,CES
EL8,CXR
ELD,C6C
ELE,CUO
ELS,CFH
ELT,CUK
EM2,CXP
EMB,CRP
EMC,CTS
EMD,CRI
EME,COV
EMH,CHQ
EML,COU
EMN,CTY
EMP,CCJ
EMR,CVY
EMS,CVO
EMT,COW
EMU,CPI
EMUCA,CRG
EMV,CEW
ENA,CGN
ENN,CSJ
ENR,CSW
ENT,CSU
ENV,CWN
ENX,CRV
EOF,CUX
EOL,CSK
EOS,CRO
EP1,CZC
EPM,cuh
EPX,CU1
EPY,CU2
EQE,CTK
EQN,CTU
EQR,CTJ
EQS,CRF
EQT,CSV
EQX,CDU
ERA,CUD
ERD,CSG
ERG,CMK
ERL,CUY
ERM,CJT
ERW,CVI
ESK,CLK
ESR,CYT
ESS,DTO
ETM,DAU
ETR,DCA
EUR,DHL
EV1,DFI
EVE,DLY
EVG,DGY
EVN,DNS
EVO,DAN
EVR,DKS
EVS,DNI
EVT,DBS
EVZ,DTV
EWC,DPT
EX1,JDL
EXL,DTE
EXP,DAT
EXR,DJS
EYE,DBR
EZL,DWS
EZZ,DCI
FAL,DCF
FAR,DVC
FAU,DET
FBM,DEA
FBR,DSX
FBU,DGM
FCL,DFM
FCT,D13
FDR,DCP
FDV,DGD
FEG,DSB
FEX,DWT
FFF,DMS
FFG,DRM
FFI,DHU
FFT,DNH
FFX,DRS
FG1,DEN
FGG,DNX
FGH,DPF
FGL,DTF
FGR,DTA
FGX,DBA
FHE,DSL
FHS,DRI
FID,DVE
FIN,DVH
FLC,DVN
FLN,DEX
FLT,DXR
FLX,DGA
FME,DGO
FMG,DRL
FML,DID
FND,DXF
FNX,DIO
FOR,DGX
FOS,DAC
FPC,DIR
FPH,DML
FPP,DIP
FPR,DIS
FRB,DPA
FRE,DVA
FRI,DMR
FRM,DJP
FRS,JOD
FRX,DKN
FSA,DMX
FSF,DBN
FSG,DWL
FSI,DOM
FTC,DGF
FTL,DTS
FTZ,DRD
FWD,DHB
FXG,DN8
FYI,DLS
FZR,DAZ
G1A,DAO
G50,DAE
G6M,DAQ
G88,DSH
GAL,DSQ
GAP,DTX
GAS,DUE
GBE,DKG
GBR,DKE
GBZ,DLX
GC1,DFS
GCI,DMA
GCM,DXL
GCR,DYN
GCX,EAL
GCY,EBS
GDA,E3S
GDC,EHH
GDF,EAG
GDG,EEI
GDI,ESL
GED,EAC
GEM,EEM
GEN,EER
GES,EWE
GFL,ECH
GGE,ESC
GGX,EAM
GHY,EGA
GIB,ENG
GL1,ESG
GLA,EZY
GLB,ECI
GLE,EAR
GLH,ECO
GLL,ECV
GLN,EDT
GLV,ETG
GMD,EDL
GMG,EFC
GML,EFT
GMN,EGO
GMR,ERC
GNC,EIS
GNE,EKS
GNG,EIM
GNM,ERF
GNP,EAU
GNX,EEA
GO2,XNA
GOR,EMM
GOW,EEC
GOZ,ELC
GPR,ELM
GPS,ELK
GPT,EDN
GQG,ELL
GRE,EAI
GRL,EGF
GRLN,EGI
GRR,ELO
GRV,ELR
GRX,ELI
GSM,EMA
GSN,EMI
GSR,EPD
GSS,ENC
GT1,EOC
GTE,ENB
GTG,ENE
GTI,EOG
GTK,ENK
GTN,EXO
GTR,ENS
GUD,E88
GUL,EIL
GVF,EVM
GW1,ERS
GWA,EON
GWR,EOR
H2G,EPC
HAL,EPA
HAR,EPO
HAS,EPS
HAV,EPG
HAW,EQM
HCD,EQI
HCF,EQK
HCH,EPI
HCT,EII
HCW,EWN
HDN,EPW
HE8,ESE
HFR,EPF
HFY,ZCN
HGH,ZOZ
HGL,EBF
HGO,EKA
HGV,EYT
HHR,EUZ
HIL,EIG
HIO,EAF
HIQ,EFF
HIT,EGD
HLA,EDI
HLI,EFG
HLO,EVF
HLS,EGX
HLX,EXC
HM1,EXG
HMC,EXS
HMD,ETA
HMG,EXI
HMI,EXX
HMX,ERX
HMY,EXU
HNG,EXT
HNR,EXN
HOR,EPL
HPC,FAC
HPG,FAI
HPI,FLL
HPP,FNR
HPR,FXJ
HRE,FHP
HRN,FAS
HRZ,FAN
HSN,FFC
HT8,FDL
HTA,FRT
HTG,FCO
HTM,FE8
HUB,FEI
HUM,FTI
HVM,FHF
HVN,FDW
HVY,FPS
HXG,FTH
HXL,FNA
HYD,FCR
HYT,FMH
HZN,FFR
HZR,FSE
IAG,FAB
IAM,FST
IBC,FCC
IBG,FIR
IBX,FGF
ICE,FPT
ICG,FIS
ICI,FNT
ICL,FTM
ICN,FMN
ICR,FMB
ID8,FMM
IDA,FMA
IDT,FIP
IDX,FPA
IEC,FIT
IEL,FTW
IEQ,FAF
IFL,FGI
IFM,FEU
IFT,FLK
IG6,FCH
IGL,FOA
IGN,FBI
IGO,FBO
IHL,FEA
IIQ,FOH
IKE,FGE
ILA,FHL
ILT,FRG
ILU,FOI
IMA,FTE
IMB,FRH
IMC,FYA
IMD,FOB
IME,FNC
IMI,FXR
IMM,FOX
IMR,FRA
IMU,FIF
INA,FLR
IND,FKH
INF,FFL
ING,FIG
INL,FDM
INP,FHM
INR,FCX
INV,FGC
IOD,FCG
IOU,FDX
IPB,FRU
IPC,FUL
IPD,FLH
IPG,FSN
IPH,FOL
IPL,GPH
IPT,GMV
IPX,GHI
IR1,GXY
IRD,GJT
IRE,GGN
IRI,GLG
IRX,GSP
IS3,GRD
ITM,GNF
IVC,GFS
IVO,GGM
IVR,GTY
IVT,GAV
IVX,GZL
IVZ,GBI
IXC,GBM
IXR,GBT
IXU,GEA
JAL,GCA
JAN,GCH
JAT,GCE
JAV,GGU
JAY,GFN
JBH,GCP
JCS,GET
JDO,GIA
JGH,GMM
JHG,GHC
JHX,GNA
JIN,GIN
JLG,GEO
JMS,MGE
JNO,WEG
JPR,GHT
JRL,GEE
JRV,GEH
JTL,GSW
JXT,GGB
JYC,GID
K2F,GLT
KAI,GBG
KAL,GIO
KAM,GOP
KAR,GIR
KAT,GVN
KAU,GKN
KBC,GMH
KCC,GOD
KCN,GFI
KDY,GLF
KED,GMI
KEY,GBP
KFM,GPY
KGD,GRF
KGL,GSZ
KGN,GTV
KIL,GLY
KIN,GCL
KKC,GOE
KKO,GCN
KLI,GFY
KLL,GHO
KLO,GOL
KLR,GMK
KLS,GMS
KMD,GDO
KME,GSA
KNB,GCD
KNG,GCO
KNI,GFO
KNM,GWN
KNO,GWF
KOB,GKL
KOR,GON
KOV,G79
KP2,GRM
KPG,GSL
KPO,GMF
KRM,GFF
KRR,GMP
KSC,GOO
KSL,GPF
KSN,GQH
KSS,GOS
KTA,GPI
KTG,GST
KYP,GRB
KZA,GTC
KZR,GHG
L1M,GRP
LAM,GBA
LAU,GPM
LAW,GRN
LBL,GEG
LBT,GOG
LCE,GAU
LCL,GFM
LCT,GTP
LCY,GSO
LDR,GVG
LDX,GWM
LEG,GNV
LEL,GPE
LEX,GFD
LFG,GNB
LFS,GBS
LGI,GCG
LGL,GXL
LGM,GTF
LGP,GRG
LHM,GPA
LIC,GGL
LIN,GFC
LIO,GFH
LIS,GRO
LIT,GVR
LKE,TGO
LKO,GRY
LKY,GSI
LLC,GDL
LLI,GUI
LLL,GUJ
LLO,GMC
LM1,GLS
LM8,GNS
LMG,GWG
LML,GWC
LNK,GWI
LNR,GWL
LNU,GYD
LNW,HNC
LOM,HLC
LOT,HLK
LOV,HFL
LPD,HAM
LPE,HAP
LPI,HDS
LPM,HGM
LRD,HHM
LRK,HDI
LRL,HAN
LRS,HAO
LRT,HBD
LRV,HDR
LSA,HRG
LSF,HSL
LSR,HTE
LSX,HTS
LTR,HVC
LU7,HTR
LV1,HWT
LVE,HST
LVH,HOL
LVT,HDH
LYC,HWR
LYK,HOG
LYL,HZA
LYN,HSD
M24,HNL
M2M,HCN
M2R,HHI
M3M,HSP
M4M,HSO
M7T,HLN
M8S,HMO
MAD,HIN
MAF,HTW
MAG,HAD
MAH,HCR
MAM,HSK
MAN,HMT
MAP,HGI
MAQ,JOH
MAT,HML
MAU,HWE
MAUCA,HTC
MAY,HER
MBH,HBS
MBK,HGD
MBX,HRR
MCA,HVB
MCE,HYS
MCL,HEY
MCM,HHY
MCP,HLR
MCT,HLG
MCX,HIG
MCY,HNZ
MDC,HIH
MDI,HLY
MDR,HMR
MDX,HDL
ME1,HII
MEA,HRO
MEB,HMA
MEC,HOA
MEG,HOB
MEI,HDG
MEL,HME
MEM,HRP
MEU,HSG
MEZ,HSM
MFD,HKL
MFF,HKR
MFG,HBI
MGA,HIP
MGF,HZP
MGH,HOS
MGL,HWG
MGR,HOT
MGT,HSH
MGU,HOY
MGV,HPX
MGX,HRL
MHC,HCO
MHI,HRS
MHJ,HDX
MHK,HUN
MI6,HUD
MIH,HIC
MIL,HUO
MIN,HCC
MIO,HWW
MIR,HYF
MKG,XTA
MKL,HYP
MKR,HES
MLG,HCS
MLM,HZL
MLS,IOW
MLX,IAB
MM1,IAN
MM8,IGD
MMA,IBR
MMC,IB8
MME,ICQ
MMI,ICM
MMM,ICS
MMR,IDE
MMS,IDM
MNB,IDF
MND,IDH
MNS,IDJ
MOB,IFS
MOH,IGX
MOM,IIN
MOT,IKW
MOV,ILW
MOZ,IUL
MP1,IGE
MPA,IPS
MPG,IMS
MPL,IML
MPP,ITC
MPR,IMT
MPX,ICT
MQG,IPM
MQR,IDG
MRC,IPN
MRD,IRL
MRI,IOR
MRL,IPA
MRM,IDO
MRQ,IPR
MRR,IDP
MRZ,IDC
MSB,IDL
MSG,IRN
MSI,ICZ
MSV,IOK
MTB,IEP
MTC,IRH
MTH,IFN
MTM,ICH
MTO,IFA
MTS,INU
MVF,IIF
MVL,IGG
MVP,INW
MWY,INN
MX1,IHN
MXC,IVL
MXI,INO
MXO,IOS
MXR,IVA
MXT,ICF
MYE,ISB
MYG,ITQ
MYR,ITG
MYS,IGR
MYX,IGA
MZZ,IWF
N1H,IHC
NAB,ITL
NAC,ITF
NAE,INT
NAG,ITE
NAM,IHR
NAN,IDB
NBI,ITA
NC1,ITN
NC6,INI
NCC,IAS
NCK,INC
NCM,IDS
NCR,IGF
NEC,IGS
NES,IIP
NET,INH
NEU,IRP
NFL,IPO
NGE,IOP
NGI,IWI
NGL,IOC
NGS,ITR
NGX,IMY
NGY,IMZ
NHC,IMV
NHE,IWT
NHF,ITO
NIC,IQE
NIM,IAD
NIS,IXS
NKL,IOF
NME,IAL
NML,IDV
NMR,IVE
NMT,IVG
NNG,IVQ
NNL,IOA
NOL,ION
NOR,IOT
NOU,IPE
NOV,IPP
NOX,IPW
NPM,IQ3
NPR,IQX
NRX,INM
NRZ,IOH
NSB,IAP
NSC,ISU
NSM,ISD
NSR,IST
NST,ISI
NSX,ISF
NTD,ISS
NTI,ITP
NTL,ITD
NTM,ITX
NTU,IVN
NUC,IVS
NUF,IWL
NUH,IXL
NVA,IYS
NVU,JNB
NVX,JCM
NWC,JML
NWF,CHJ
NWH,JIP
NWL,JKA
NWM,JAK
NWS,JAC
NWSLV,JEL
NXD,JCO
NXG,JHV
NXL,JFG
NXM,HAH
NXS,WJG
NXT,JGT
NYM,JHC
NYR,JFA
NZK,JMH
NZM,JSH
NZO,JDV
NZS,JFH
OAK,JFI
OAR,JEN
OAU,JJF
OBL,JCI
OBM,JGB
OCA,JMB
OCC,JCB
OCL,JMN
OCN,TJH
OCT,JNA
OD6,WJM
ODA,JBL
ODM,JHF
ODY,LYS
OEC,SHR
OEL,JPL
OEQ,JCP
OFX,JBM
OIL,JCL
OJC,JUP
OKJ,JPT
OKR,JST
OLH,JJS
OLI,JVG
OLL,KTO
OLY,KTE
OM1,KII
OMA,KAA
OMH,KAB
OML,KZL
OMX,KMC
ONE,KMG
OOK,KLC
OPA,KMT
OPH,KGM
OPL,KRL
OPN,KAS
OPT,KTN
OPY,KPC
ORA,KAZ
ORG,KBL
ORI,LOK
ORM,KRN
ORN,KDE
ORR,KEW
OSL,KYC
OSM,KYG
OSX,KHF
OXT,KHS
OZM,KDR
OZZ,KDS
PAA,KGH
PAB,KIM
PAC,KDL
PAI,KOG
PAM,KBS
PAN,KPE
PAR,KPL
PAT,KEL
PBH,KIC
PBL,KFG
PBP,KGI
PCG,KWR
PCI,KLA
PCK,KTR
PCL,KWD
PDI,KIT
PDN,KLM
PE1,KLZ
PEB,KOL
PEC,KKL
PEK,KKT
PEN,KNH
PET,K2P
PEX,KRT
PFE,KRS
PFG,KGS
PFP,KTL
PFT,KTM
PGC,KUL
PGD,KMR
PGF,KPR
PGG,KSP
PGH,KEN
PGL,KWL
PGM,KYK
PGO,LME
PGY,LTS
PH2,LLR
PHL,LRC
PHO,LAK
PIA,LPC
PIC,LWP
PIL,LDM
PIM,LBW
PIQ,LAN
PKD,LGR
PKO,LTN
PL3,LAH
PL8,LDY
PLG,LSH
PLL,LTA
PLS,LAX
PLT,LAS
PLY,LAA
PMC,LIL
PME,LBP
PMT,LVR
PMV,LVG
PNC,LWF
PNI,LBY
PNM,LFC
PNN,LPA
PNR,LDA
PNT,LGD
PNV,LSI
PNX,LMC
PO3,LMR
POD,LEV
POL,LLP
POS,LUT
POW,LI4
PPC,LI1
PPE,LIF
PPG,LIA
PPK,LIE
PPL,LIB
PPM,LHC
PPS,LBF
PPT,LJF
PPY,LNC
PR1,LDN
PRL,LFX
PRM,LRF
PRN,LWI
PRO,LCA
PRS,LNN
PRT,LSG
PRU,LST
PRX,LNS
PSC,LHB
PSI,LON
PSL,LIM
PSQ,LIP
PTL,LNG
PTM,LMA
PTR,LRG
PTX,LWB
PUA,LLA
PUR,LHD
PV1,LMH
PVE,LGC
PVL,LRX
PVS,LGO
PVT,LSC
PVW,LAL
PWH,LDW
PWN,LUK
PWR,LMS
PXA,LSL
PXS,LVL
PXX,MTU
PYC,MLD
QAL,MCC
QAN,MSA
QBE,MIF
QEM,MCK
QFE,MPB
QGL,MRP
QHL,MCQ
QIP,MCG
QML,MQC
QOR,MFN
QPM,MGI
QRI,MGM
QUB,MIP
QUE,MRN
QVE,MOR
QXR,MPN
R3D,MWG
R8R,MQW
RAC,MAC
RAD,MGG
RAG,MGN
RAN,MMW
RAS,MPH
RB6,MNA
RBD,MHY
RBL,MHZ
RBR,MNL
RBX,MAI
RC1,MJR
RCE,MKE
RCL,MBC
RCR,MYL
RCT,MHS
RCW,MTL
RDG,MDD
RDM,MOI
RDN,MDH
RDS,MTR
RDX,MRU
RDY,MBA
REA,MRB
REC,MGO
RED,MAZ
REE,MRT
REG,MKC
REH,MKH
REM,MKP
REP,MJP
REX,MML
REY,MHR
REZ,MBB
RF1,MKM
RFA,MVU
RFF,MAV
RFG,MWP
RFT,MWE
RFX,MXQ
RG8,MSP
RGI,MYP
RGL,MZU
RGN,MBD
RGS,MBF
RHC,MCS
RHI,MCB
RHK,MDG
RHT,MWM
RHY,MSL
RIC,MDE
RIE,MBJ
RIM,MDZ
RIO,MZB
RKN,MZA
RKT,MZC
RLC,MAS
RLF,MED
RLG,MPF
RLT,MWC
RMC,MLA
RMD,MRE
RMI,MGZ
RML,MDV
RMS,MEH
RMX,MHT
RMY,MPS
RND,MGP
RNE,MET
RNO,MVT
RNT,MMT
RNU,MII
RNX,MRO
ROC,MEK
ROG,MRW
RON,MMK
ROO,MEP
RPG,MES
RPL,MMF
RPM,MST
RR1,MTT
RRL,MKO
RRR,MTX
RSG,MTN
RSH,MEQ
RTE,MTD
RTG,MBS
RTH,MBT
RTR,XQE
RUL,MGC
RVR,MGS
RVS,MIA
RVT,MIC
RWC,MIS
RWD,MLK
RWL,MHD
RXH,MOY
RXL,MHL
RXM,MAX
RYD,MLT
RZI,MIM
S2R,MCR
S32,MNC
S3N,MDO
S66,MFX
SAN,MLB
SAU,MDL
SB2,MXX
SBM,MSX
SBR,MIT
SBW,MWL
SCG,MNR
SCL,MNE
SCN,MNW
SCT,MBN
SDF,MIX
SDG,MRV
SDI,PFD
SDR,MPT
SDV,MCU
SE1,MTE
SEC,MUA
SEG,MMG
SEK,MMU
SEN,MOA
SEQ,MOG
SER,MOD
SES,MPO
SFC,MOL
SFG,MON
SFM,MA1
SFR,MUB
SFX,MTA
SGA,MR1
SGC,MMZ
SGF,MOQ
SGI,MCO
SGLLV,MOC
SGM,MOS
SGP,MLC
SGQ,MVG
SGR,MOE
SHA,MVC
SHE,MPC
SHG,MPM
SHJ,MSF
SHL,MSM
SHM,MEV
SHN,MLP
SHO,MFC
SHP,MUE
SHV,MXG
SI6,MXU
SIG,MUV
SIH,MUM
SIO,MCH
SIQ,MMX
SIS,MYD
SIT,MRG
SIV,MUH
SIX,MBE
SKC,MFB
SKF,MYF
SKN,MYB
SKO,MYO
SKS,MZI
SKT,NKV
SKY,NAL
SLA,NSN
SLB,NCV
SLC,NHS
SLH,NCI
SLM,NCU
SLR,NCL
SLS,NFD
SLX,NFG
SLZ,NHR
SM1,NLC
SMI,NLG
SMN,NLO
SMP,NPA
SMR,NPF
SMS,NAA
SNC,NAF
SND,NAO
SNG,NAH
SNL,NTG
SNS,NVL
SNX,NWD
SNZ,NQT
SOC,NGA
SOL,NIX
SOM,PYR
SOP,NVT
SOR,NEA
SOV,NWB
SP3,NCA
SP8,NXR
SPA,NER
SPD,NEN
SPK,NTC
SPL,NFB
SPN,NTF
SPQ,NFO
SPT,NEV
SPX,NCZ
SPZ,NEW
SQ2,NHG
SQX,NMD
SRG,NOP
SRH,NPH
SRI,XNM
SRJ,NSE
SRK,NCH
SRL,NHH
SRN,NEM
SRR,NYY
SRT,NCP
SRV,NWT
SRX,NNT
SRY,NBS
SRZ,NXB
SSG,NFM
SSH,NGM
SSL,NID
SSM,NKA
SSR,NRN
SST,NDO
ST1,NTO
STA,NIU
STG,NKP
STK,NMF
STM,NBX
STN,NMM
STO,NFR
STP,NRI
STX,NDP
SUH,NFA
SUHN,NFK
SUL,NDY
SUM,NMW
SUN,NBH
SUV,NMB
SVG,NQL
SVL,NQM
SVM,NQR
SVR,NRC
SVW,NCO
SVY,NOC
SW1,NTH
SWF,NMI
SWM,NQC
SWP,XSN
SXE,NWR
SXG,NGF
SXL,NWE
SYA,NEL
SYM,NHL
SYR,NOE
SZL,NVM
T3D,NVE
T3K,NVN
T88,NVS
T92,NPI
TAH,NRW
TAL,NCS
TAM,NPX
TAR,NUS
TAS,NNZ
TBA,NYL
TBN,NLX
TBR,NYO
TCF,NZF
TCG,NZI
TCL,NZC
TCO,OAM
TD1,OKH
TDO,OKN
TEE,OMP
TEG,OEA
TEK,OCE
TEM,OGD
TER,OGC
TFL,OCX
TG1,OCP
TG6,OGH
TGA,ORS
TGF,OXX
TGH,OCV
TGM,ODD
TGN,ODN
TGP,ODG
THL,OAP
THR,OGN
TI1,OGL
TIA,OSH
TIE,OLN
TIG,OKU
TIP,OLM
TKL,NIO
TKM,OMO
TLC,OMC
TLG,OMN
TLM,ONL
TLS,1AL
TLX,OVH
TMB,OTR
TMG,OTH
TMH,ONX
TMK,OOH
TML,OTT
TMR,OPS
TMS,OPC
TMT,OPG
TMX,OBS
TMZ,ORH
TNC,OGX
TNE,OHE
TNT,OTL
TNY,ORL
TOE,OSP
TON,OLV
TOP,OUM
TOR,OVT
TOT,OVN
TOU,OTW
TOY,OVS
TPC,OZL
TPD,OZG
TPG,PNO
TPW,CLL
TRA,P2P
TRE,PAP
TRJ,PBG
TRM,PCF
TRP,PFC
TRS,PDF
TRT,PEA
TRU,PNL
TRY,PHY
TSI,PIG
TSK,PFM
TSL,PMU
TSO,PFR
TTA,PCS
TTI,PTB
TTM,PBB
TTT,PMH
TUA,PML
TVL,PDC
TVN,PID
TWD,PMX
TWE,PAL
TWR,PLC
TYM,PZC
TYR,POR
TYX,PPP
TZL,PPH
TZN,PNA
UBI,PBO
UBN,PFL
UCM,PAG
UMG,PGA
UNI,PRA
UNT,PXU
UOS,PIR
URF,PGN
URW,PCP
USL,PBY
USQ,PRK
UUL,PDS
UVA,PAS
VAL,POC
VAR,PAV
VBC,PAW
VBS,PAY
VCX,PYG
VEA,PYV
VEE,PDT
VEN,PLR
VG1,PST
VGL,PPI
VHM,PDL
VHT,PSN
VIA,PTA
VIG,PSH
VIP,PM8
VIT,LSB
VKA,PEO
VLS,PBA
VMG,PEP
VML,PLI
VMM,PER
VMS,PRJ
VMT,PUS
VN8,PMG
VNT,PEM
VOL,PCB
VPR,PMS
VR1,PTT
VR8,PSV
VRC,PLM
VRS,KUP
VRX,PLW
VSL,PTW
VSR,PTV
VTI,PTC
VTM,PTG
VTX,PTZ
VUK,PSA
VUL,PHI
VVA,POA
VYS,PRH
W2V,PXG
WA1,PRC
WA8,PIH
WAA,PIN
WAF,PVM
WAK,PJA
WAM,PBS
WAR,PWK
WAT,PBV
WAX,PVG
WBC,PEG
WBE,PCR
WBT,PDG
WC1,PLP
WC8,PPZ
WCG,PLB
WCN,PLN
WDS,PPN
WEB,PRG
WEC,PPA
WEL,PTE
WES,PLA
WFL,PC1
WGB,PLV
WGN,PLU
WGR,PAF
WGX,PDR
WHC,XQH
WHF,XVF
WHK,PMM
WIA,PVY
WIAN,PDM
WIN,POI
WKT,PWI
WLD,PWS
WLE,PWT
WMA,PWL
WMC,PPO
WMG,PMZ
WMI,PDH
WML,PCN
WNR,PCA
WNX,PEZ
WOA,PRV
WOR,PIB
WOT,PRF
WOW,PTN
WPR,PGX
WQG,PWG
WR1,PAO
WRK,POF
WRM,PSB
WSI,POG
WSP,POJ
WSR,POB
WTC,PJP
WTL,PPR
WTN,PMN
WWG,PCH
WWI,PYT
WYX,PSP
WZR,PRI
X2M,PRW
X64,PVH
XAM,PBR
XF1,PON
XGL,PNQ
XPN,PVA
XRF,PSD
XRG,PHG
XRO,PUH
XST,PUP
XTC,PUC
XTE,PUI
YAL,PUB
YAR,PUM
YBR,PUF
YOJ,PUE
YOW,PUD
YPB,PUJ
YRL,PUK
Z2U,PUU
ZAG,PUV
ZEO,PUZ
ZER,PES
ZEU,PLX
ZGL,QTG
ZIM,QTT
ZIP,QRL
ZLD,QDL
ZMI,QAM
ZMM,QNT
ZNC,QIW
ZNO,QLO
,QMT
,QMS
,QNI
,QRX
,QDX
,QTM
,QUO
,QMG
,QBC
,QMM
,QAI
,QCL
,QCT
,QCH
,QGC
,QUM
,QMH
,QMN
,QPP
,QEX
,QST
,QSS
,QFX
,QUC
,QTK
,QIN
,QIL
,RBP
,RBV
,RTK
,RAF
,RMM
,RMB
,RMF
,RMT
,RDP
,RRS
,RNG
,RPT
,RTN
,RCA
,RAW
,RAZ
,RZR
,RLE
,RNC
,RRP
,REB
,RRT
,RAL
,RAR
,RBK
,AEJ
,RDC
,RPF
,RCF
,RDF
,RDH
,RDL
,RFO
,RMA
,RGM
,RES
,RD1
,RCO
,RNS
,REL
,RFC
,ROA
,RAP
,RT9
,RTD
,RA1
,RTT
,RTC
,RER
,RFD
,RDV
,RAI
,RQL
,RSP
,RXA
,RTI
,RTS
,RVA
,REF
,RVC
,RXF
,RYW
,RFP
,RGC
,RHG
,RHP
,RHS
,RIA
,RGW
,RIS
,RIL
,RFV
,RGK
,RPC
,RIN
,RNL
,RCY
,RIG
,RIV
,RMW
,RMG
,RNY
,XRT
,RNB
,ROB
,RBS
,ROL
,ROK
,RBY
,RKC
,RCI
,RLK
,ROS
,RHD
,RSM
,RWS
,RHL
,ROW
,RWH
,RYC
,RPD
,RPX
,RAT
,REU
,RJT
,RBC
,RUB
,RFL
,RUP
,RPS
,RVL
,RTA
,RXP
,RYE
,SEL
,SPR
,SXM
,SRM
,SAV
,SAB
,SAP
,SBE
,SAG
,SGG
,SAI
,SLL
,SBH
,SO4
,SAL
,SMD
,SSN
,SRD
,SDH
,SFD
,SDC
,SDB
,SXP
,SPV
,SAR
,SAT
,STT
,SCR
,SCD
,SCB
,SRB
,SDD
,SSE
,SIE
,SFU
,SGZ
,SCC
,SCO
,SCK
,SDS
,SEF
,SWD
,SFO
,SP1
,SAD
,SAJ
,SAC
,SMX
,SDM
,SED
,SEB
,SEM
,SSC
,SLN
,SXY
,SNR
,TRR
,TRW
,TRZ
,REJ
,TRX
,WSB
,HTV
,TRQ
,REQ
,REI
,WSC
,REK
,RDA
,WSH
,WSJ
,WSN
,WSO
,RFB
,HTB
,WSQ
,WSD
,RT2
,RFE
,STR
,SEV
,SWL
,SFE
,SFW
,SDT
,SHC
,SHU
,SHD
,SHX
,SNH
,SHI
,SHB
,SKV
,SIB
,SBU
,SID
,SDX
,SGL
,SBL
,SVH
,SVA
,SDY
,SWS
,SPH
,SGT
,SAO
,SEH
,SGX
,SSI
,SLE
,SNV
,SIR
,SBT
,SAA
,SKL
,SKE
,SAS
,SNT
,SKA
,SKP
,SXR
,SKW
,SGH
,SMT
,SXB
,SS6
,SAZ
,SSF
,SS7
,SM9
,SMJ
,SMV
,SMB
,SMK
,SMW
,SMQ
,SNA
,SGO
,SIL
,SML
,SSX
,SFL
,SOF
,SWH
,SOS
,SXS
,SOH
,SNE
,SON
,SNN
,SGW
,SMG
,SOE
,SAY
,SBB
,SET
,SPB
,SRP
,SCA
,SAK
,SBC
,SXX
,SCF
,SRC
,SVT
,SPF
,SPM
,SPG
,SKI
,SPC
,SDA
,SRS
,SCP
,SFI
,SPE
,SPO
,SPS
,SGB
,SHW
,SLG
,SAX
,SLP
,SNY
,SCY
,SGS
,STL
,XNS
,XSS
,XVA
,XWA
,XNQ
,SBF
,STI
,SBI
,STF
,SIP
,SRE
,SKB
,SKD
,STD
,STH
,SMC
,SRA
,FSH
,STU
,SBS
,SGU
,XQD
,SMM
,SBK
,SEA
,SDL
,STV
,SBN
,HBH
,SVS
,SRF
,SWR
,SWE
,SWK
,SYD
,SAQ
,SYI
,SLV
,SYL
,SYB
,SL1
,SYN
,SYS
,SYT
,OCH
,TAB
,TKG
,TWO
,TBL
,TAN
,TBC
,TAP
,TTX
,TEX
,TKI
,TMM
,TPX
,TGR
,TSS
,TSW
,TAT
,TTS
,TAW
,TDL
,TDG
,TEQ
,TCN
,TIF
,TCM
,TCP
,TCY
,TKA
,TCA
,TCT
,TLP
,TMN
,TEO
,TLZ
,TGG
,TEN
,TNI
,TNN
,TGZ
,TEA
,TIV
,TTY
,TYC
,TXA
,TXN
,TXT
,TAF
,THG
,CCS
,CGL
,IQG
,PGR
,REW
,TSN
,WCC
,TNK
,TSM
,THO
,TPO
,TB8
,TGS
,TKF
,TIH
,TLT
,TIM
,TOD
,TPF
,TIN
,TIO
,TIC
,TIR
,TMA
,TMO
,TMP
,TBY
,TOF
,TOL
,TOM
,TCB
,TOO
,TOH
,TTH
,TDA
,TDB
,TRN
,TRK
,TOA
,TNB
,TNF
,TNH
,TTB
,TSG
,TCH
,TLA
,TOX
,TPM
,TME
,TTC
,TFP
,TRF
,TSC
,TNS
,TRO
,TPA
,TCS
,TFS
,TYO
,TKR
,TBH
,TIL
,TRG
,TT2
,TT1
,TT7
,2BE
,TUC
,TUG
,TUL
,TLL
,TNR
,TBG
,TV2
,TWT
,TWH
,TYA
,TYN
,TPT
,UND
,UCL
,UMS
,UEC
,UFI
,UGL
,UIL
,UPE
,ULT
,UPI
,UNS
,UTB
,UNC
,UAI
,UCG
,UEL
,UNG
,UMC
,UTL
,UWL
,UML
,UPG
,UNV
,UTC
,UNP
,UNW
,UPD
,UCE
,UKL
,URB
,USM
,USR
,USC
,UXA
,UXC
,VOF
,VPG
,VDM
,VAH
,VLI
,VLY
,VMX
,VAM
,VGS
,VAN
,VPM
,VGO
,VAP
,VCL
,VLT
,VEL
,VCM
,VEC
,VED
,VCR
,VFI
,VAX
,VRM
,VT1
,VSW
,VES
,VIC
,VTP
,VET
,VLE
,VPT
,VYA
,VID
,VIE
,VII
,VKI
,VWD
,VLW
,VRL
,VMY
,VNR
,VLA
,VIR
,VRT
,VSC
,VSG
,VEI
,VSO
,VTG
,VPL
,VTH
,VTA
,VIV
,VOC
,VGN
,VLL
,VNX
,VXS
,VOY
,VRG
,VCN
,VLM
,WAC
,WKM
,WDP
,WAH
,WKS
,WKC
,WAL
,WLB
,WJA
,WTA
,WCI
,WHS
,WGO
,WCB
,WNZ
,WGF
,WMK
,WTR
,WTP
,WFH
,WYL
,WLS
,WCP
,WHW
,WEH
,WDE
,WBA
,WPM
,WLL
,WNP
,WFI
,WSG
,WAN
,WTE
,WCH
,WTQ
,WSA
,WAD
,XWB
,XWD
,WDR
,WUN
,WEA
,WFC
,WFD
,WDC
,WSF
,WRT
,WBS
,WIC
,WMX
,WBK
,WPP
,WCT
,WPI
,WTG
,WRP
,WCL
,WTV
,WWR
,WEN
,GZS
,WIM
,WCU
,WRG
,WHI
,WHT
,WLM
,WHO
,WHTMFI
,AXSBSC
,WNA
,WIL
,WIH
,WND
,WQW
,WFE
,WNS
,WNO
,WZI
,WMR
,WXT
,WBW
,WLF
,WOF
,WLC
,WDI
,WSK
,WWA
,WOC
,WTF
,WPG
,WYI
,WEW
,XCD
,XIP
,XXL
,XPD
,XPL
,YCN
,YSF
,YSL
,YRK
,YFZ
,ZEL
,ZAM
,ZGM
,ZAP
,ZPS
,ZBB
,ZBT
,ZDX
,ZNT
,ZEN
,ZTL
,ZEI
,ZTA
,ZHE
,ZFX
,ZKP
,ZOD
,ZRI
,ZYB
,CV1
,CL8R
,TMGR
,AHQR
,LNYDA
,E33N
,DDD
,TGADA
,SCTN
,AARR
,AQCN
,BODN
,LNY
,PRXN
,IXUN
,FGLN
,NSXN
,BPHNE
,TSCN
,DW8N
,DW8OA
,TMHN
,WBCPE
,LNYOA
,PBHO
,AREN
,SBRO
,GWROA
,ERWO
,MGUO
,NTLOB
,ADDN
,MEMN
,YTMTL1
,PRXR
,UUVOA
,MAYNC
,AQCR
,LRTN
,IPBN
,VOROB
,KINN
,PARN
,VORDC
,VORDB
,KGDN
,TRYN
,PICNB
,CPTND
,WNBDB
,WECDA
,WQGNA
,TMHR
,ENXNB
,WGBO
,PKON
,ICNO
,MAYO
,TMRN
,VOR
,YTMSG2
,LVHN
,IMEN
,CCANC
,PFTN
,GMLDA
,WNB
,PICOA
,GSNOA
,DVLN
,APCN
,ENXOA
,WQGOA
,ANZN
,BCNNC
,KPOOE
,AUNNB
,M8SN
,TTBO
,PODN
,BCNOB
,DLCDA
,WECN
,AIQDA
,MDCDA
,ANZR
,NMRN
,CYMN
,DYLND
,WWIO
,PH2DD
,PCKN
,DLC
,GSNNB
,WECR
,SYANE
,TPDDA
,BMNDA
,MIRNB
,BPHOA
,ALAOE
,E2EDA
,HYDO
,KRROC
,UUVDB
,UUVDC
,DCXN
,1AGN
,BWXN
,NZSOA
,AISDB
,CLZDA
,CLZDB
,SYAOD
,ROOO
,E2E
,VGMF
,UUV
,TNPDB
,SRNNB
,BRVNB
,BRKNA
,CLZOA
,PBX
,SI6ND
,CZNO
,AVWO
,JATN
,BPPN
,AGENE
,NESOA
,HASDA
,MMMDA
,TNP
,BASOC
,BASNE
,GCRDB
,SI6OD
,2BEO
,PHLN
,EVEN
,AUZN
,BRVO
,BRKOB
,SRNOC
,RMLOA
,LKENC
,BEXN
,SUNPF
,AGEOB
,WMCNF
,GCXNA
,GOLDA
,NORO
,NORN
,EDEN
,WWGN
,OSLN
,OKJO
,MLSN
,YPBDB
,LKEOC
,ATCNC
,BRUN
,ZMMDE
,RESDA
,HRNN
,VGI
,KKONB
,GOLD
,IPTNA
,RLCN
,SCLDB
,M8SR
,AMLN
,MCTN
,CVVNF
,LPDOB
,LOMOC
,UBIN
,MCTNC
,SIHN
,CHKNF
,SELF
,CGFPA
,ESH
,R3DN
,WSIDB
,CNJN
,MLSOB
,CYLOA
,ESHOA
,ATCOB
,LPDNI
,DDDOA
,ISX
,YTMQF3
,MGTNF
,AKNN
,AKNOA
,PGON
,UBINA
,WBEN
,TNROB
,CHKOA
,MCTO
,KKOR
,IPTRA
,HRNR
,LPDOC
,KGLN
,GEVOA
,NUHDB
,CI1DB
,ADSN
,BASDA
,BASDB
,CXMN
,EN1
,MGTRE
,RGLN
,LAWN
,PXXNA
,AEVN
,BASO
,PNLDB
,ZLDDG
,PEKND
,WAMN
,HASND
,BLGN
,CZNN
,TD1N
,SBMNA
,PEKOD
,PE1NB
,AGYN
,SMNNB
,HASO
,CBAPF
,MVLN
,AO1N
,SMRN
,ANZPE
,MOQN
,AMNBA
,GMNNB
,BLZO
,AGYO
,LCKOA
,DA1